home_team,away_team,home_goals_pred,away_goals_pred
Atlanta United,Austin FC,1.7258942658648528,1.6206003441003443
Atlanta United,CF Montréal,1.9746563163144026,1.6477432012432016
Atlanta United,Charlotte FC,1.9518870855451718,1.6206003441003443
Atlanta United,Chicago Fire,1.7258942658648528,1.6206003441003443
Atlanta United,Colorado Rapids,1.9673870855451718,1.6206003441003443
Atlanta United,Columbus Crew,1.5532007812448987,1.6477432012432016
Atlanta United,D.C. United,1.9673870855451718,1.6477432012432016
Atlanta United,FC Cincinnati,1.7308942658648527,1.5817432012432016
Atlanta United,FC Dallas,1.7258942658648528,1.608886058386059
Atlanta United,Houston Dynamo,1.5532007812448987,1.5817432012432016
Atlanta United,Inter Miami,1.5532007812448987,1.6206003441003443
Atlanta United,LA Galaxy,1.5532007812448987,1.6206003441003443
Atlanta United,Los Angeles FC,1.7258942658648528,1.6206003441003443
Atlanta United,Minnesota United,1.9829886090216953,1.6477432012432016
Atlanta United,Nashville SC,1.7258942658648528,1.6206003441003443
Atlanta United,New England Revolution,1.5408275988717162,1.6172670107670108
Atlanta United,New York City FC,1.7258942658648528,1.6477432012432016
Atlanta United,New York Red Bulls,1.9673870855451718,1.6206003441003443
Atlanta United,Orlando City,1.5532007812448987,1.6206003441003443
Atlanta United,Philadelphia Union,1.9673870855451718,1.6206003441003443
Atlanta United,Portland Timbers,1.7258942658648528,1.6477432012432016
Atlanta United,Real Salt Lake,1.5532007812448987,1.6206003441003443
Atlanta United,San Jose Earthquakes,1.9673870855451718,1.6206003441003443
Atlanta United,Seattle Sounders FC,1.7258942658648528,1.6206003441003443
Atlanta United,Sporting Kansas City,1.5532007812448987,1.6477432012432016
Atlanta United,St. Louis City,1.9673870855451718,1.6206003441003443
Atlanta United,Toronto FC,1.7258942658648528,1.6477432012432016
Atlanta United,Vancouver Whitecaps FC,1.9518870855451718,1.6206003441003443
Austin FC,Atlanta United,1.5156214161655337,1.716704240204241
Austin FC,CF Montréal,1.9264405875986739,1.716704240204241
Austin FC,Charlotte FC,1.903671356829443,1.6895613830613838
Austin FC,Chicago Fire,1.6883149007854885,1.6895613830613838
Austin FC,Colorado Rapids,1.9191713568294433,1.6895613830613838
Austin FC,Columbus Crew,1.5156214161655337,1.716704240204241
Austin FC,D.C. United,1.9191713568294433,1.716704240204241
Austin FC,FC Cincinnati,1.6933149007854886,1.650704240204241
Austin FC,FC Dallas,1.6883149007854885,1.6778470973470982
Austin FC,Houston Dynamo,1.5156214161655337,1.650704240204241
Austin FC,Inter Miami,1.5156214161655337,1.6895613830613838
Austin FC,LA Galaxy,1.5156214161655337,1.6895613830613838
Austin FC,Los Angeles FC,1.6883149007854885,1.6895613830613838
Austin FC,Minnesota United,1.934772880305967,1.716704240204241
Austin FC,Nashville SC,1.6883149007854885,1.6895613830613838
Austin FC,New England Revolution,1.5015209610650784,1.6862280497280502
Austin FC,New York City FC,1.6883149007854885,1.716704240204241
Austin FC,New York Red Bulls,1.9191713568294433,1.6895613830613838
Austin FC,Orlando City,1.5156214161655337,1.6895613830613838
Austin FC,Philadelphia Union,1.9191713568294433,1.6895613830613838
Austin FC,Portland Timbers,1.6883149007854885,1.716704240204241
Austin FC,Real Salt Lake,1.5156214161655337,1.6895613830613838
Austin FC,San Jose Earthquakes,1.9191713568294433,1.6895613830613838
Austin FC,Seattle Sounders FC,1.6883149007854885,1.6895613830613838
Austin FC,Sporting Kansas City,1.5156214161655337,1.716704240204241
Austin FC,St. Louis City,1.9191713568294433,1.6895613830613838
Austin FC,Toronto FC,1.6883149007854885,1.716704240204241
Austin FC,Vancouver Whitecaps FC,1.903671356829443,1.6895613830613838
CF Montréal,Atlanta United,1.5475023685464862,1.6827702575202579
CF Montréal,Austin FC,1.7201958531664405,1.6556274003774007
CF Montréal,Charlotte FC,1.933137779295866,1.6556274003774007
CF Montréal,Chicago Fire,1.7201958531664405,1.6556274003774007
CF Montréal,Colorado Rapids,1.9486377792958658,1.6556274003774007
CF Montréal,Columbus Crew,1.5475023685464862,1.6827702575202579
CF Montréal,D.C. United,1.9486377792958658,1.6827702575202579
CF Montréal,FC Cincinnati,1.7251958531664406,1.616770257520258
CF Montréal,FC Dallas,1.7201958531664405,1.6439131146631152
CF Montréal,Houston Dynamo,1.5475023685464862,1.616770257520258
CF Montréal,Inter Miami,1.5475023685464862,1.6556274003774007
CF Montréal,LA Galaxy,1.5475023685464862,1.6556274003774007
CF Montréal,Los Angeles FC,1.7201958531664405,1.6556274003774007
CF Montréal,Minnesota United,1.9642393027723895,1.6827702575202579
CF Montréal,Nashville SC,1.7201958531664405,1.6556274003774007
CF Montréal,New England Revolution,1.528401913446031,1.6522940670440673
CF Montréal,New York City FC,1.7201958531664405,1.6827702575202579
CF Montréal,New York Red Bulls,1.9486377792958658,1.6556274003774007
CF Montréal,Orlando City,1.5475023685464862,1.6556274003774007
CF Montréal,Philadelphia Union,1.9486377792958658,1.6556274003774007
CF Montréal,Portland Timbers,1.7201958531664405,1.6827702575202579
CF Montréal,Real Salt Lake,1.5475023685464862,1.6556274003774007
CF Montréal,San Jose Earthquakes,1.9486377792958658,1.6556274003774007
CF Montréal,Seattle Sounders FC,1.7201958531664405,1.6556274003774007
CF Montréal,Sporting Kansas City,1.5475023685464862,1.6827702575202579
CF Montréal,St. Louis City,1.9486377792958658,1.6556274003774007
CF Montréal,Toronto FC,1.7201958531664405,1.6827702575202579
CF Montréal,Vancouver Whitecaps FC,1.933137779295866,1.6556274003774007
Charlotte FC,Atlanta United,1.5165507090948267,1.7414143242378544
Charlotte FC,Austin FC,1.6892441937147813,1.714271467094997
Charlotte FC,CF Montréal,1.922369880527967,1.7414143242378544
Charlotte FC,Chicago Fire,1.6892441937147813,1.714271467094997
Charlotte FC,Colorado Rapids,1.915100649758736,1.714271467094997
Charlotte FC,Columbus Crew,1.5165507090948267,1.7414143242378544
Charlotte FC,D.C. United,1.915100649758736,1.7414143242378544
Charlotte FC,FC Cincinnati,1.6942441937147814,1.6754143242378543
Charlotte FC,FC Dallas,1.6892441937147813,1.7025571813807117
Charlotte FC,Houston Dynamo,1.5165507090948267,1.6754143242378543
Charlotte FC,Inter Miami,1.5165507090948267,1.714271467094997
Charlotte FC,LA Galaxy,1.5165507090948267,1.714271467094997
Charlotte FC,Los Angeles FC,1.6892441937147813,1.714271467094997
Charlotte FC,Minnesota United,1.9307021732352598,1.7414143242378544
Charlotte FC,Nashville SC,1.6892441937147813,1.714271467094997
Charlotte FC,New England Revolution,1.500783587327705,1.7109381337616636
Charlotte FC,New York City FC,1.6892441937147813,1.7414143242378544
Charlotte FC,New York Red Bulls,1.915100649758736,1.714271467094997
Charlotte FC,Orlando City,1.5165507090948267,1.714271467094997
Charlotte FC,Philadelphia Union,1.915100649758736,1.714271467094997
Charlotte FC,Portland Timbers,1.6892441937147813,1.7414143242378544
Charlotte FC,Real Salt Lake,1.5165507090948267,1.714271467094997
Charlotte FC,San Jose Earthquakes,1.915100649758736,1.714271467094997
Charlotte FC,Seattle Sounders FC,1.6892441937147813,1.714271467094997
Charlotte FC,Sporting Kansas City,1.5165507090948267,1.7414143242378544
Charlotte FC,St. Louis City,1.915100649758736,1.714271467094997
Charlotte FC,Toronto FC,1.6892441937147813,1.7414143242378544
Charlotte FC,Vancouver Whitecaps FC,1.899600649758736,1.714271467094997
Chicago Fire,Atlanta United,1.5165507090948267,1.7270613830613837
Chicago Fire,Austin FC,1.6892441937147813,1.6999185259185265
Chicago Fire,CF Montréal,1.922369880527967,1.7270613830613837
Chicago Fire,Charlotte FC,1.899600649758736,1.6999185259185265
Chicago Fire,Colorado Rapids,1.915100649758736,1.6999185259185265
Chicago Fire,Columbus Crew,1.5165507090948267,1.7270613830613837
Chicago Fire,D.C. United,1.915100649758736,1.7270613830613837
Chicago Fire,FC Cincinnati,1.6942441937147814,1.6610613830613838
Chicago Fire,FC Dallas,1.6892441937147813,1.688204240204241
Chicago Fire,Houston Dynamo,1.5165507090948267,1.6610613830613838
Chicago Fire,Inter Miami,1.5165507090948267,1.6999185259185265
Chicago Fire,LA Galaxy,1.5165507090948267,1.6999185259185265
Chicago Fire,Los Angeles FC,1.6892441937147813,1.6999185259185265
Chicago Fire,Minnesota United,1.9307021732352598,1.7270613830613837
Chicago Fire,Nashville SC,1.6892441937147813,1.6999185259185265
Chicago Fire,New England Revolution,1.5057835873277048,1.6965851925851931
Chicago Fire,New York City FC,1.6892441937147813,1.7270613830613837
Chicago Fire,New York Red Bulls,1.915100649758736,1.6999185259185265
Chicago Fire,Orlando City,1.5165507090948267,1.6999185259185265
Chicago Fire,Philadelphia Union,1.915100649758736,1.6999185259185265
Chicago Fire,Portland Timbers,1.6892441937147813,1.7270613830613837
Chicago Fire,Real Salt Lake,1.5165507090948267,1.6999185259185265
Chicago Fire,San Jose Earthquakes,1.915100649758736,1.6999185259185265
Chicago Fire,Seattle Sounders FC,1.6892441937147813,1.6999185259185265
Chicago Fire,Sporting Kansas City,1.5165507090948267,1.7270613830613837
Chicago Fire,St. Louis City,1.915100649758736,1.6999185259185265
Chicago Fire,Toronto FC,1.6892441937147813,1.7270613830613837
Chicago Fire,Vancouver Whitecaps FC,1.899600649758736,1.6999185259185265
Colorado Rapids,Atlanta United,1.5532007812448987,1.6477432012432016
Colorado Rapids,Austin FC,1.7258942658648528,1.6206003441003443
Colorado Rapids,CF Montréal,1.9746563163144026,1.6477432012432016
Colorado Rapids,Charlotte FC,1.9518870855451718,1.6206003441003443
Colorado Rapids,Chicago Fire,1.7258942658648528,1.6206003441003443
Colorado Rapids,Columbus Crew,1.5532007812448987,1.6477432012432016
Colorado Rapids,D.C. United,1.9673870855451718,1.6477432012432016
Colorado Rapids,FC Cincinnati,1.7308942658648527,1.5817432012432016
Colorado Rapids,FC Dallas,1.7258942658648528,1.608886058386059
Colorado Rapids,Houston Dynamo,1.5532007812448987,1.5817432012432016
Colorado Rapids,Inter Miami,1.5532007812448987,1.6206003441003443
Colorado Rapids,LA Galaxy,1.5532007812448987,1.6206003441003443
Colorado Rapids,Los Angeles FC,1.7258942658648528,1.6206003441003443
Colorado Rapids,Minnesota United,1.9829886090216953,1.6477432012432016
Colorado Rapids,Nashville SC,1.7258942658648528,1.6206003441003443
Colorado Rapids,New England Revolution,1.5408275988717162,1.6172670107670108
Colorado Rapids,New York City FC,1.7258942658648528,1.6477432012432016
Colorado Rapids,New York Red Bulls,1.9673870855451718,1.6206003441003443
Colorado Rapids,Orlando City,1.5532007812448987,1.6206003441003443
Colorado Rapids,Philadelphia Union,1.9673870855451718,1.6206003441003443
Colorado Rapids,Portland Timbers,1.7258942658648528,1.6477432012432016
Colorado Rapids,Real Salt Lake,1.5532007812448987,1.6206003441003443
Colorado Rapids,San Jose Earthquakes,1.9673870855451718,1.6206003441003443
Colorado Rapids,Seattle Sounders FC,1.7258942658648528,1.6206003441003443
Colorado Rapids,Sporting Kansas City,1.5532007812448987,1.6477432012432016
Colorado Rapids,St. Louis City,1.9673870855451718,1.6206003441003443
Colorado Rapids,Toronto FC,1.7258942658648528,1.6477432012432016
Colorado Rapids,Vancouver Whitecaps FC,1.9518870855451718,1.6206003441003443
Columbus Crew,Atlanta United,1.5484091145782317,1.6477432012432016
Columbus Crew,Austin FC,1.721102599198186,1.6206003441003443
Columbus Crew,CF Montréal,1.969864649647736,1.6477432012432016
Columbus Crew,Charlotte FC,1.9470954188785052,1.6206003441003443
Columbus Crew,Chicago Fire,1.721102599198186,1.6206003441003443
Columbus Crew,Colorado Rapids,1.9625954188785053,1.6206003441003443
Columbus Crew,D.C. United,1.9625954188785053,1.6477432012432016
Columbus Crew,FC Cincinnati,1.7218601749557618,1.5817432012432016
Columbus Crew,FC Dallas,1.7168601749557617,1.608886058386059
Columbus Crew,Houston Dynamo,1.5441666903358078,1.5817432012432016
Columbus Crew,Inter Miami,1.5484091145782317,1.6206003441003443
Columbus Crew,LA Galaxy,1.5484091145782317,1.6206003441003443
Columbus Crew,Los Angeles FC,1.721102599198186,1.6206003441003443
Columbus Crew,Minnesota United,1.9781969423550287,1.6477432012432016
Columbus Crew,Nashville SC,1.721102599198186,1.6206003441003443
Columbus Crew,New England Revolution,1.5360359322050494,1.6172670107670108
Columbus Crew,New York City FC,1.721102599198186,1.6477432012432016
Columbus Crew,New York Red Bulls,1.9625954188785053,1.6206003441003443
Columbus Crew,Orlando City,1.5484091145782317,1.6206003441003443
Columbus Crew,Philadelphia Union,1.9625954188785053,1.6206003441003443
Columbus Crew,Portland Timbers,1.721102599198186,1.6477432012432016
Columbus Crew,Real Salt Lake,1.5484091145782317,1.6206003441003443
Columbus Crew,San Jose Earthquakes,1.9625954188785053,1.6206003441003443
Columbus Crew,Seattle Sounders FC,1.721102599198186,1.6206003441003443
Columbus Crew,Sporting Kansas City,1.5484091145782317,1.6477432012432016
Columbus Crew,St. Louis City,1.9625954188785053,1.6206003441003443
Columbus Crew,Toronto FC,1.721102599198186,1.6477432012432016
Columbus Crew,Vancouver Whitecaps FC,1.9470954188785052,1.6206003441003443
D.C. United,Atlanta United,1.5486214161655338,1.6895613830613838
D.C. United,Austin FC,1.716314900785488,1.6624185259185265
D.C. United,CF Montréal,1.9544405875986741,1.6895613830613838
D.C. United,Charlotte FC,1.9316713568294432,1.6624185259185265
D.C. United,Chicago Fire,1.716314900785488,1.6624185259185265
D.C. United,Colorado Rapids,1.947171356829443,1.6624185259185265
D.C. United,Columbus Crew,1.5486214161655338,1.6895613830613838
D.C. United,FC Cincinnati,1.7213149007854878,1.6235613830613838
D.C. United,FC Dallas,1.716314900785488,1.650704240204241
D.C. United,Houston Dynamo,1.5486214161655338,1.6235613830613838
D.C. United,Inter Miami,1.5486214161655338,1.6624185259185265
D.C. United,LA Galaxy,1.5486214161655338,1.6624185259185265
D.C. United,Los Angeles FC,1.716314900785488,1.6624185259185265
D.C. United,Minnesota United,1.9627728803059667,1.6895613830613838
D.C. United,Nashville SC,1.716314900785488,1.6624185259185265
D.C. United,New England Revolution,1.534520961065078,1.659085192585193
D.C. United,New York City FC,1.716314900785488,1.6895613830613838
D.C. United,New York Red Bulls,1.947171356829443,1.6624185259185265
D.C. United,Orlando City,1.5486214161655338,1.6624185259185265
D.C. United,Philadelphia Union,1.947171356829443,1.6624185259185265
D.C. United,Portland Timbers,1.716314900785488,1.6895613830613838
D.C. United,Real Salt Lake,1.5486214161655338,1.6624185259185265
D.C. United,San Jose Earthquakes,1.947171356829443,1.6624185259185265
D.C. United,Seattle Sounders FC,1.716314900785488,1.6624185259185265
D.C. United,Sporting Kansas City,1.5486214161655338,1.6895613830613838
D.C. United,St. Louis City,1.947171356829443,1.6624185259185265
D.C. United,Toronto FC,1.716314900785488,1.6895613830613838
D.C. United,Vancouver Whitecaps FC,1.9316713568294432,1.6624185259185265
FC Cincinnati,Atlanta United,1.5532007812448987,1.6477432012432016
FC Cincinnati,Austin FC,1.7258942658648528,1.6206003441003443
FC Cincinnati,CF Montréal,1.9746563163144026,1.6477432012432016
FC Cincinnati,Charlotte FC,1.9518870855451718,1.6206003441003443
FC Cincinnati,Chicago Fire,1.7258942658648528,1.6206003441003443
FC Cincinnati,Colorado Rapids,1.9673870855451718,1.6206003441003443
FC Cincinnati,Columbus Crew,1.5532007812448987,1.6477432012432016
FC Cincinnati,D.C. United,1.9673870855451718,1.6477432012432016
FC Cincinnati,FC Dallas,1.7258942658648528,1.608886058386059
FC Cincinnati,Houston Dynamo,1.5532007812448987,1.5817432012432016
FC Cincinnati,Inter Miami,1.5532007812448987,1.6206003441003443
FC Cincinnati,LA Galaxy,1.5532007812448987,1.6206003441003443
FC Cincinnati,Los Angeles FC,1.7258942658648528,1.6206003441003443
FC Cincinnati,Minnesota United,1.9829886090216953,1.6477432012432016
FC Cincinnati,Nashville SC,1.7258942658648528,1.6206003441003443
FC Cincinnati,New England Revolution,1.5408275988717162,1.6172670107670108
FC Cincinnati,New York City FC,1.7258942658648528,1.6477432012432016
FC Cincinnati,New York Red Bulls,1.9673870855451718,1.6206003441003443
FC Cincinnati,Orlando City,1.5532007812448987,1.6206003441003443
FC Cincinnati,Philadelphia Union,1.9673870855451718,1.6206003441003443
FC Cincinnati,Portland Timbers,1.7258942658648528,1.6477432012432016
FC Cincinnati,Real Salt Lake,1.5532007812448987,1.6206003441003443
FC Cincinnati,San Jose Earthquakes,1.9673870855451718,1.6206003441003443
FC Cincinnati,Seattle Sounders FC,1.7258942658648528,1.6206003441003443
FC Cincinnati,Sporting Kansas City,1.5532007812448987,1.6477432012432016
FC Cincinnati,St. Louis City,1.9673870855451718,1.6206003441003443
FC Cincinnati,Toronto FC,1.7258942658648528,1.6477432012432016
FC Cincinnati,Vancouver Whitecaps FC,1.9518870855451718,1.6206003441003443
FC Dallas,Atlanta United,1.5436214161655337,1.713194627268157
FC Dallas,Austin FC,1.716314900785488,1.6860517701253
FC Dallas,CF Montréal,1.9544405875986741,1.713194627268157
FC Dallas,Charlotte FC,1.9316713568294432,1.6860517701253
FC Dallas,Chicago Fire,1.716314900785488,1.6860517701253
FC Dallas,Colorado Rapids,1.947171356829443,1.6860517701253
FC Dallas,Columbus Crew,1.5436214161655337,1.713194627268157
FC Dallas,D.C. United,1.947171356829443,1.713194627268157
FC Dallas,FC Cincinnati,1.7213149007854878,1.6471946272681572
FC Dallas,Houston Dynamo,1.5436214161655337,1.6471946272681572
FC Dallas,Inter Miami,1.5436214161655337,1.6860517701253
FC Dallas,LA Galaxy,1.5436214161655337,1.6860517701253
FC Dallas,Los Angeles FC,1.716314900785488,1.6860517701253
FC Dallas,Minnesota United,1.9627728803059667,1.713194627268157
FC Dallas,Nashville SC,1.716314900785488,1.6860517701253
FC Dallas,New England Revolution,1.524520961065078,1.6827184367919665
FC Dallas,New York City FC,1.716314900785488,1.713194627268157
FC Dallas,New York Red Bulls,1.947171356829443,1.6860517701253
FC Dallas,Orlando City,1.5436214161655337,1.6860517701253
FC Dallas,Philadelphia Union,1.947171356829443,1.6860517701253
FC Dallas,Portland Timbers,1.716314900785488,1.713194627268157
FC Dallas,Real Salt Lake,1.5436214161655337,1.6860517701253
FC Dallas,San Jose Earthquakes,1.947171356829443,1.6860517701253
FC Dallas,Seattle Sounders FC,1.716314900785488,1.6860517701253
FC Dallas,Sporting Kansas City,1.5436214161655337,1.713194627268157
FC Dallas,St. Louis City,1.947171356829443,1.6860517701253
FC Dallas,Toronto FC,1.716314900785488,1.713194627268157
FC Dallas,Vancouver Whitecaps FC,1.9316713568294432,1.6860517701253
Houston Dynamo,Atlanta United,1.5532007812448987,1.6477432012432016
Houston Dynamo,Austin FC,1.7258942658648528,1.6206003441003443
Houston Dynamo,CF Montréal,1.9746563163144026,1.6477432012432016
Houston Dynamo,Charlotte FC,1.9518870855451718,1.6206003441003443
Houston Dynamo,Chicago Fire,1.7258942658648528,1.6206003441003443
Houston Dynamo,Colorado Rapids,1.9673870855451718,1.6206003441003443
Houston Dynamo,Columbus Crew,1.5532007812448987,1.6477432012432016
Houston Dynamo,D.C. United,1.9673870855451718,1.6477432012432016
Houston Dynamo,FC Cincinnati,1.7308942658648527,1.5817432012432016
Houston Dynamo,FC Dallas,1.7258942658648528,1.608886058386059
Houston Dynamo,Inter Miami,1.5532007812448987,1.6206003441003443
Houston Dynamo,LA Galaxy,1.5532007812448987,1.6206003441003443
Houston Dynamo,Los Angeles FC,1.7258942658648528,1.6206003441003443
Houston Dynamo,Minnesota United,1.9829886090216953,1.6477432012432016
Houston Dynamo,Nashville SC,1.7258942658648528,1.6206003441003443
Houston Dynamo,New England Revolution,1.5408275988717162,1.6172670107670108
Houston Dynamo,New York City FC,1.7258942658648528,1.6477432012432016
Houston Dynamo,New York Red Bulls,1.9673870855451718,1.6206003441003443
Houston Dynamo,Orlando City,1.5532007812448987,1.6206003441003443
Houston Dynamo,Philadelphia Union,1.9673870855451718,1.6206003441003443
Houston Dynamo,Portland Timbers,1.7258942658648528,1.6477432012432016
Houston Dynamo,Real Salt Lake,1.5532007812448987,1.6206003441003443
Houston Dynamo,San Jose Earthquakes,1.9673870855451718,1.6206003441003443
Houston Dynamo,Seattle Sounders FC,1.7258942658648528,1.6206003441003443
Houston Dynamo,Sporting Kansas City,1.5532007812448987,1.6477432012432016
Houston Dynamo,St. Louis City,1.9673870855451718,1.6206003441003443
Houston Dynamo,Toronto FC,1.7258942658648528,1.6477432012432016
Houston Dynamo,Vancouver Whitecaps FC,1.9518870855451718,1.6206003441003443
Inter Miami,Atlanta United,1.5385341145782316,1.6577432012432016
Inter Miami,Austin FC,1.7112275991981862,1.6306003441003443
Inter Miami,CF Montréal,1.9599896496477358,1.6577432012432016
Inter Miami,Charlotte FC,1.9372204188785052,1.6306003441003443
Inter Miami,Chicago Fire,1.7112275991981862,1.6306003441003443
Inter Miami,Colorado Rapids,1.9527204188785052,1.6306003441003443
Inter Miami,Columbus Crew,1.5385341145782316,1.6577432012432016
Inter Miami,D.C. United,1.9527204188785052,1.6577432012432016
Inter Miami,FC Cincinnati,1.7162275991981863,1.5917432012432016
Inter Miami,FC Dallas,1.7112275991981862,1.618886058386059
Inter Miami,Houston Dynamo,1.5385341145782316,1.5917432012432016
Inter Miami,LA Galaxy,1.5385341145782316,1.6306003441003443
Inter Miami,Los Angeles FC,1.7112275991981862,1.6306003441003443
Inter Miami,Minnesota United,1.9683219423550287,1.6577432012432016
Inter Miami,Nashville SC,1.7112275991981862,1.6306003441003443
Inter Miami,New England Revolution,1.5261609322050491,1.6272670107670109
Inter Miami,New York City FC,1.7112275991981862,1.6577432012432016
Inter Miami,New York Red Bulls,1.9527204188785052,1.6306003441003443
Inter Miami,Orlando City,1.5385341145782316,1.6306003441003443
Inter Miami,Philadelphia Union,1.9527204188785052,1.6306003441003443
Inter Miami,Portland Timbers,1.7112275991981862,1.6577432012432016
Inter Miami,Real Salt Lake,1.5385341145782316,1.6306003441003443
Inter Miami,San Jose Earthquakes,1.9527204188785052,1.6306003441003443
Inter Miami,Seattle Sounders FC,1.7112275991981862,1.6306003441003443
Inter Miami,Sporting Kansas City,1.5385341145782316,1.6577432012432016
Inter Miami,St. Louis City,1.9527204188785052,1.6306003441003443
Inter Miami,Toronto FC,1.7112275991981862,1.6577432012432016
Inter Miami,Vancouver Whitecaps FC,1.9372204188785052,1.6306003441003443
LA Galaxy,Atlanta United,1.5711214161655338,1.6895613830613838
LA Galaxy,Austin FC,1.7313149007854878,1.6624185259185265
LA Galaxy,CF Montréal,1.969440587598674,1.6895613830613838
LA Galaxy,Charlotte FC,1.9466713568294431,1.6624185259185265
LA Galaxy,Chicago Fire,1.7313149007854878,1.6624185259185265
LA Galaxy,Colorado Rapids,1.962171356829443,1.6624185259185265
LA Galaxy,Columbus Crew,1.5711214161655338,1.6895613830613838
LA Galaxy,D.C. United,1.962171356829443,1.6895613830613838
LA Galaxy,FC Cincinnati,1.736314900785488,1.6235613830613838
LA Galaxy,FC Dallas,1.7313149007854878,1.650704240204241
LA Galaxy,Houston Dynamo,1.5711214161655338,1.6235613830613838
LA Galaxy,Inter Miami,1.5711214161655338,1.6624185259185265
LA Galaxy,Los Angeles FC,1.7313149007854878,1.6624185259185265
LA Galaxy,Minnesota United,1.9777728803059669,1.6895613830613838
LA Galaxy,Nashville SC,1.7313149007854878,1.6624185259185265
LA Galaxy,New England Revolution,1.5570209610650785,1.659085192585193
LA Galaxy,New York City FC,1.7313149007854878,1.6895613830613838
LA Galaxy,New York Red Bulls,1.962171356829443,1.6624185259185265
LA Galaxy,Orlando City,1.5711214161655338,1.6624185259185265
LA Galaxy,Philadelphia Union,1.962171356829443,1.6624185259185265
LA Galaxy,Portland Timbers,1.7313149007854878,1.6895613830613838
LA Galaxy,Real Salt Lake,1.5711214161655338,1.6624185259185265
LA Galaxy,San Jose Earthquakes,1.962171356829443,1.6624185259185265
LA Galaxy,Seattle Sounders FC,1.7313149007854878,1.6624185259185265
LA Galaxy,Sporting Kansas City,1.5711214161655338,1.6895613830613838
LA Galaxy,St. Louis City,1.962171356829443,1.6624185259185265
LA Galaxy,Toronto FC,1.7313149007854878,1.6895613830613838
LA Galaxy,Vancouver Whitecaps FC,1.9466713568294431,1.6624185259185265
Los Angeles FC,Atlanta United,1.5165885878827055,1.7270613830613837
Los Angeles FC,Austin FC,1.6767820725026603,1.6999185259185265
Los Angeles FC,CF Montréal,1.909907759315846,1.7270613830613837
Los Angeles FC,Charlotte FC,1.8871385285466153,1.6999185259185265
Los Angeles FC,Chicago Fire,1.6767820725026603,1.6999185259185265
Los Angeles FC,Colorado Rapids,1.902638528546615,1.6999185259185265
Los Angeles FC,Columbus Crew,1.5165885878827055,1.7270613830613837
Los Angeles FC,D.C. United,1.902638528546615,1.7270613830613837
Los Angeles FC,FC Cincinnati,1.6817820725026604,1.6610613830613838
Los Angeles FC,FC Dallas,1.6767820725026603,1.688204240204241
Los Angeles FC,Houston Dynamo,1.5165885878827055,1.6610613830613838
Los Angeles FC,Inter Miami,1.5165885878827055,1.6999185259185265
Los Angeles FC,LA Galaxy,1.5165885878827055,1.6999185259185265
Los Angeles FC,Minnesota United,1.918240052023139,1.7270613830613837
Los Angeles FC,Nashville SC,1.6767820725026603,1.6999185259185265
Los Angeles FC,New England Revolution,1.5058214661155833,1.6965851925851931
Los Angeles FC,New York City FC,1.6767820725026603,1.7270613830613837
Los Angeles FC,New York Red Bulls,1.902638528546615,1.6999185259185265
Los Angeles FC,Orlando City,1.5165885878827055,1.6999185259185265
Los Angeles FC,Philadelphia Union,1.902638528546615,1.6999185259185265
Los Angeles FC,Portland Timbers,1.6767820725026603,1.7270613830613837
Los Angeles FC,Real Salt Lake,1.5165885878827055,1.6999185259185265
Los Angeles FC,San Jose Earthquakes,1.902638528546615,1.6999185259185265
Los Angeles FC,Seattle Sounders FC,1.6767820725026603,1.6999185259185265
Los Angeles FC,Sporting Kansas City,1.5165885878827055,1.7270613830613837
Los Angeles FC,St. Louis City,1.902638528546615,1.6999185259185265
Los Angeles FC,Toronto FC,1.6767820725026603,1.7270613830613837
Los Angeles FC,Vancouver Whitecaps FC,1.8871385285466153,1.6999185259185265
Minnesota United,Atlanta United,1.5385566614757789,1.720270257520258
Minnesota United,Austin FC,1.7112501460957334,1.6931274003774006
Minnesota United,CF Montréal,1.9307113029943899,1.720270257520258
Minnesota United,Charlotte FC,1.907942072225159,1.6931274003774006
Minnesota United,Chicago Fire,1.7112501460957334,1.6931274003774006
Minnesota United,Colorado Rapids,1.9234420722251588,1.6931274003774006
Minnesota United,Columbus Crew,1.5385566614757789,1.720270257520258
Minnesota United,D.C. United,1.9234420722251588,1.720270257520258
Minnesota United,FC Cincinnati,1.7162501460957336,1.654270257520258
Minnesota United,FC Dallas,1.7112501460957334,1.6814131146631153
Minnesota United,Houston Dynamo,1.5385566614757789,1.654270257520258
Minnesota United,Inter Miami,1.5385566614757789,1.6931274003774006
Minnesota United,LA Galaxy,1.5385566614757789,1.6931274003774006
Minnesota United,Los Angeles FC,1.7112501460957334,1.6931274003774006
Minnesota United,Nashville SC,1.7112501460957334,1.6931274003774006
Minnesota United,New England Revolution,1.5227895397086573,1.6897940670440672
Minnesota United,New York City FC,1.7112501460957334,1.720270257520258
Minnesota United,New York Red Bulls,1.9234420722251588,1.6931274003774006
Minnesota United,Orlando City,1.5385566614757789,1.6931274003774006
Minnesota United,Philadelphia Union,1.9234420722251588,1.6931274003774006
Minnesota United,Portland Timbers,1.7112501460957334,1.720270257520258
Minnesota United,Real Salt Lake,1.5385566614757789,1.6931274003774006
Minnesota United,San Jose Earthquakes,1.9234420722251588,1.6931274003774006
Minnesota United,Seattle Sounders FC,1.7112501460957334,1.6931274003774006
Minnesota United,Sporting Kansas City,1.5385566614757789,1.720270257520258
Minnesota United,St. Louis City,1.9234420722251588,1.6931274003774006
Minnesota United,Toronto FC,1.7112501460957334,1.720270257520258
Minnesota United,Vancouver Whitecaps FC,1.907942072225159,1.6931274003774006
Nashville SC,Atlanta United,1.5226113151554324,1.6895613830613838
Nashville SC,Austin FC,1.6953047997753874,1.6624185259185265
Nashville SC,CF Montréal,1.933430486588573,1.6895613830613838
Nashville SC,Charlotte FC,1.910661255819342,1.6624185259185265
Nashville SC,Chicago Fire,1.6953047997753874,1.6624185259185265
Nashville SC,Colorado Rapids,1.926161255819342,1.6624185259185265
Nashville SC,Columbus Crew,1.5226113151554324,1.6895613830613838
Nashville SC,D.C. United,1.926161255819342,1.6895613830613838
Nashville SC,FC Cincinnati,1.700304799775387,1.6235613830613838
Nashville SC,FC Dallas,1.6953047997753874,1.650704240204241
Nashville SC,Houston Dynamo,1.5226113151554324,1.6235613830613838
Nashville SC,Inter Miami,1.5226113151554324,1.6624185259185265
Nashville SC,LA Galaxy,1.5226113151554324,1.6624185259185265
Nashville SC,Los Angeles FC,1.6953047997753874,1.6624185259185265
Nashville SC,Minnesota United,1.9417627792958658,1.6895613830613838
Nashville SC,New England Revolution,1.5085108600549773,1.659085192585193
Nashville SC,New York City FC,1.6953047997753874,1.6895613830613838
Nashville SC,New York Red Bulls,1.926161255819342,1.6624185259185265
Nashville SC,Orlando City,1.5226113151554324,1.6624185259185265
Nashville SC,Philadelphia Union,1.926161255819342,1.6624185259185265
Nashville SC,Portland Timbers,1.6953047997753874,1.6895613830613838
Nashville SC,Real Salt Lake,1.5226113151554324,1.6624185259185265
Nashville SC,San Jose Earthquakes,1.926161255819342,1.6624185259185265
Nashville SC,Seattle Sounders FC,1.6953047997753874,1.6624185259185265
Nashville SC,Sporting Kansas City,1.5226113151554324,1.6895613830613838
Nashville SC,St. Louis City,1.926161255819342,1.6624185259185265
Nashville SC,Toronto FC,1.6953047997753874,1.6895613830613838
Nashville SC,Vancouver Whitecaps FC,1.910661255819342,1.6624185259185265
New England Revolution,Atlanta United,1.5532007812448987,1.6477432012432016
New England Revolution,Austin FC,1.7258942658648528,1.6206003441003443
New England Revolution,CF Montréal,1.9746563163144026,1.6477432012432016
New England Revolution,Charlotte FC,1.9518870855451718,1.6206003441003443
New England Revolution,Chicago Fire,1.7258942658648528,1.6206003441003443
New England Revolution,Colorado Rapids,1.9673870855451718,1.6206003441003443
New England Revolution,Columbus Crew,1.5532007812448987,1.6477432012432016
New England Revolution,D.C. United,1.9673870855451718,1.6477432012432016
New England Revolution,FC Cincinnati,1.7308942658648527,1.5817432012432016
New England Revolution,FC Dallas,1.7258942658648528,1.608886058386059
New England Revolution,Houston Dynamo,1.5532007812448987,1.5817432012432016
New England Revolution,Inter Miami,1.5532007812448987,1.6206003441003443
New England Revolution,LA Galaxy,1.5532007812448987,1.6206003441003443
New England Revolution,Los Angeles FC,1.7258942658648528,1.6206003441003443
New England Revolution,Minnesota United,1.9829886090216953,1.6477432012432016
New England Revolution,Nashville SC,1.7258942658648528,1.6206003441003443
New England Revolution,New York City FC,1.7258942658648528,1.6477432012432016
New England Revolution,New York Red Bulls,1.9673870855451718,1.6206003441003443
New England Revolution,Orlando City,1.5532007812448987,1.6206003441003443
New England Revolution,Philadelphia Union,1.9673870855451718,1.6206003441003443
New England Revolution,Portland Timbers,1.7258942658648528,1.6477432012432016
New England Revolution,Real Salt Lake,1.5532007812448987,1.6206003441003443
New England Revolution,San Jose Earthquakes,1.9673870855451718,1.6206003441003443
New England Revolution,Seattle Sounders FC,1.7258942658648528,1.6206003441003443
New England Revolution,Sporting Kansas City,1.5532007812448987,1.6477432012432016
New England Revolution,St. Louis City,1.9673870855451718,1.6206003441003443
New England Revolution,Toronto FC,1.7258942658648528,1.6477432012432016
New England Revolution,Vancouver Whitecaps FC,1.9518870855451718,1.6206003441003443
New York City FC,Atlanta United,1.5484091145782317,1.6477432012432016
New York City FC,Austin FC,1.721102599198186,1.6206003441003443
New York City FC,CF Montréal,1.969864649647736,1.6477432012432016
New York City FC,Charlotte FC,1.9470954188785052,1.6206003441003443
New York City FC,Chicago Fire,1.721102599198186,1.6206003441003443
New York City FC,Colorado Rapids,1.9625954188785053,1.6206003441003443
New York City FC,Columbus Crew,1.5484091145782317,1.6477432012432016
New York City FC,D.C. United,1.9625954188785053,1.6477432012432016
New York City FC,FC Cincinnati,1.7218601749557618,1.5817432012432016
New York City FC,FC Dallas,1.7168601749557617,1.608886058386059
New York City FC,Houston Dynamo,1.5441666903358078,1.5817432012432016
New York City FC,Inter Miami,1.5484091145782317,1.6206003441003443
New York City FC,LA Galaxy,1.5484091145782317,1.6206003441003443
New York City FC,Los Angeles FC,1.721102599198186,1.6206003441003443
New York City FC,Minnesota United,1.9781969423550287,1.6477432012432016
New York City FC,Nashville SC,1.721102599198186,1.6206003441003443
New York City FC,New England Revolution,1.5360359322050494,1.6172670107670108
New York City FC,New York Red Bulls,1.9625954188785053,1.6206003441003443
New York City FC,Orlando City,1.5484091145782317,1.6206003441003443
New York City FC,Philadelphia Union,1.9625954188785053,1.6206003441003443
New York City FC,Portland Timbers,1.721102599198186,1.6477432012432016
New York City FC,Real Salt Lake,1.5484091145782317,1.6206003441003443
New York City FC,San Jose Earthquakes,1.9625954188785053,1.6206003441003443
New York City FC,Seattle Sounders FC,1.721102599198186,1.6206003441003443
New York City FC,Sporting Kansas City,1.5484091145782317,1.6477432012432016
New York City FC,St. Louis City,1.9625954188785053,1.6206003441003443
New York City FC,Toronto FC,1.721102599198186,1.6477432012432016
New York City FC,Vancouver Whitecaps FC,1.9470954188785052,1.6206003441003443
New York Red Bulls,Atlanta United,1.5165507090948267,1.7270613830613837
New York Red Bulls,Austin FC,1.6892441937147813,1.6999185259185265
New York Red Bulls,CF Montréal,1.922369880527967,1.7270613830613837
New York Red Bulls,Charlotte FC,1.899600649758736,1.6999185259185265
New York Red Bulls,Chicago Fire,1.6892441937147813,1.6999185259185265
New York Red Bulls,Colorado Rapids,1.915100649758736,1.6999185259185265
New York Red Bulls,Columbus Crew,1.5165507090948267,1.7270613830613837
New York Red Bulls,D.C. United,1.915100649758736,1.7270613830613837
New York Red Bulls,FC Cincinnati,1.6942441937147814,1.6610613830613838
New York Red Bulls,FC Dallas,1.6892441937147813,1.688204240204241
New York Red Bulls,Houston Dynamo,1.5165507090948267,1.6610613830613838
New York Red Bulls,Inter Miami,1.5165507090948267,1.6999185259185265
New York Red Bulls,LA Galaxy,1.5165507090948267,1.6999185259185265
New York Red Bulls,Los Angeles FC,1.6892441937147813,1.6999185259185265
New York Red Bulls,Minnesota United,1.9307021732352598,1.7270613830613837
New York Red Bulls,Nashville SC,1.6892441937147813,1.6999185259185265
New York Red Bulls,New England Revolution,1.5057835873277048,1.6965851925851931
New York Red Bulls,New York City FC,1.6892441937147813,1.7270613830613837
New York Red Bulls,Orlando City,1.5165507090948267,1.6999185259185265
New York Red Bulls,Philadelphia Union,1.915100649758736,1.6999185259185265
New York Red Bulls,Portland Timbers,1.6892441937147813,1.7270613830613837
New York Red Bulls,Real Salt Lake,1.5165507090948267,1.6999185259185265
New York Red Bulls,San Jose Earthquakes,1.915100649758736,1.6999185259185265
New York Red Bulls,Seattle Sounders FC,1.6892441937147813,1.6999185259185265
New York Red Bulls,Sporting Kansas City,1.5165507090948267,1.7270613830613837
New York Red Bulls,St. Louis City,1.915100649758736,1.6999185259185265
New York Red Bulls,Toronto FC,1.6892441937147813,1.7270613830613837
New York Red Bulls,Vancouver Whitecaps FC,1.899600649758736,1.6999185259185265
Orlando City,Atlanta United,1.538829749498867,1.6895613830613838
Orlando City,Austin FC,1.7115232341188216,1.6624185259185265
Orlando City,CF Montréal,1.9496489209320074,1.6895613830613838
Orlando City,Charlotte FC,1.9268796901627767,1.6624185259185265
Orlando City,Chicago Fire,1.7115232341188216,1.6624185259185265
Orlando City,Colorado Rapids,1.9423796901627766,1.6624185259185265
Orlando City,Columbus Crew,1.538829749498867,1.6895613830613838
Orlando City,D.C. United,1.9423796901627766,1.6895613830613838
Orlando City,FC Cincinnati,1.7122808098763969,1.6235613830613838
Orlando City,FC Dallas,1.7072808098763972,1.650704240204241
Orlando City,Houston Dynamo,1.5345873252564426,1.6235613830613838
Orlando City,Inter Miami,1.538829749498867,1.6624185259185265
Orlando City,LA Galaxy,1.538829749498867,1.6624185259185265
Orlando City,Los Angeles FC,1.7115232341188216,1.6624185259185265
Orlando City,Minnesota United,1.9579812136393002,1.6895613830613838
Orlando City,Nashville SC,1.7115232341188216,1.6624185259185265
Orlando City,New England Revolution,1.5247292943984112,1.659085192585193
Orlando City,New York City FC,1.7115232341188216,1.6895613830613838
Orlando City,New York Red Bulls,1.9423796901627766,1.6624185259185265
Orlando City,Philadelphia Union,1.9423796901627766,1.6624185259185265
Orlando City,Portland Timbers,1.7115232341188216,1.6895613830613838
Orlando City,Real Salt Lake,1.538829749498867,1.6624185259185265
Orlando City,San Jose Earthquakes,1.9423796901627766,1.6624185259185265
Orlando City,Seattle Sounders FC,1.7115232341188216,1.6624185259185265
Orlando City,Sporting Kansas City,1.538829749498867,1.6895613830613838
Orlando City,St. Louis City,1.9423796901627766,1.6624185259185265
Orlando City,Toronto FC,1.7115232341188216,1.6895613830613838
Orlando City,Vancouver Whitecaps FC,1.9268796901627767,1.6624185259185265
Philadelphia Union,Atlanta United,1.5484091145782317,1.6477432012432016
Philadelphia Union,Austin FC,1.721102599198186,1.6206003441003443
Philadelphia Union,CF Montréal,1.969864649647736,1.6477432012432016
Philadelphia Union,Charlotte FC,1.9470954188785052,1.6206003441003443
Philadelphia Union,Chicago Fire,1.721102599198186,1.6206003441003443
Philadelphia Union,Colorado Rapids,1.9625954188785053,1.6206003441003443
Philadelphia Union,Columbus Crew,1.5484091145782317,1.6477432012432016
Philadelphia Union,D.C. United,1.9625954188785053,1.6477432012432016
Philadelphia Union,FC Cincinnati,1.7218601749557618,1.5817432012432016
Philadelphia Union,FC Dallas,1.7168601749557617,1.608886058386059
Philadelphia Union,Houston Dynamo,1.5441666903358078,1.5817432012432016
Philadelphia Union,Inter Miami,1.5484091145782317,1.6206003441003443
Philadelphia Union,LA Galaxy,1.5484091145782317,1.6206003441003443
Philadelphia Union,Los Angeles FC,1.721102599198186,1.6206003441003443
Philadelphia Union,Minnesota United,1.9781969423550287,1.6477432012432016
Philadelphia Union,Nashville SC,1.721102599198186,1.6206003441003443
Philadelphia Union,New England Revolution,1.5360359322050494,1.6172670107670108
Philadelphia Union,New York City FC,1.721102599198186,1.6477432012432016
Philadelphia Union,New York Red Bulls,1.9625954188785053,1.6206003441003443
Philadelphia Union,Orlando City,1.5484091145782317,1.6206003441003443
Philadelphia Union,Portland Timbers,1.721102599198186,1.6477432012432016
Philadelphia Union,Real Salt Lake,1.5484091145782317,1.6206003441003443
Philadelphia Union,San Jose Earthquakes,1.9625954188785053,1.6206003441003443
Philadelphia Union,Seattle Sounders FC,1.721102599198186,1.6206003441003443
Philadelphia Union,Sporting Kansas City,1.5484091145782317,1.6477432012432016
Philadelphia Union,St. Louis City,1.9625954188785053,1.6206003441003443
Philadelphia Union,Toronto FC,1.721102599198186,1.6477432012432016
Philadelphia Union,Vancouver Whitecaps FC,1.9470954188785052,1.6206003441003443
Portland Timbers,Atlanta United,1.5475023685464862,1.6827702575202579
Portland Timbers,Austin FC,1.7201958531664405,1.6556274003774007
Portland Timbers,CF Montréal,1.9559070100650968,1.6827702575202579
Portland Timbers,Charlotte FC,1.933137779295866,1.6556274003774007
Portland Timbers,Chicago Fire,1.7201958531664405,1.6556274003774007
Portland Timbers,Colorado Rapids,1.9486377792958658,1.6556274003774007
Portland Timbers,Columbus Crew,1.5475023685464862,1.6827702575202579
Portland Timbers,D.C. United,1.9486377792958658,1.6827702575202579
Portland Timbers,FC Cincinnati,1.7251958531664406,1.616770257520258
Portland Timbers,FC Dallas,1.7201958531664405,1.6439131146631152
Portland Timbers,Houston Dynamo,1.5475023685464862,1.616770257520258
Portland Timbers,Inter Miami,1.5475023685464862,1.6556274003774007
Portland Timbers,LA Galaxy,1.5475023685464862,1.6556274003774007
Portland Timbers,Los Angeles FC,1.7201958531664405,1.6556274003774007
Portland Timbers,Minnesota United,1.9642393027723895,1.6827702575202579
Portland Timbers,Nashville SC,1.7201958531664405,1.6556274003774007
Portland Timbers,New England Revolution,1.528401913446031,1.6522940670440673
Portland Timbers,New York City FC,1.7201958531664405,1.6827702575202579
Portland Timbers,New York Red Bulls,1.9486377792958658,1.6556274003774007
Portland Timbers,Orlando City,1.5475023685464862,1.6556274003774007
Portland Timbers,Philadelphia Union,1.9486377792958658,1.6556274003774007
Portland Timbers,Real Salt Lake,1.5475023685464862,1.6556274003774007
Portland Timbers,San Jose Earthquakes,1.9486377792958658,1.6556274003774007
Portland Timbers,Seattle Sounders FC,1.7201958531664405,1.6556274003774007
Portland Timbers,Sporting Kansas City,1.5475023685464862,1.6827702575202579
Portland Timbers,St. Louis City,1.9486377792958658,1.6556274003774007
Portland Timbers,Toronto FC,1.7201958531664405,1.6827702575202579
Portland Timbers,Vancouver Whitecaps FC,1.933137779295866,1.6556274003774007
Real Salt Lake,Atlanta United,1.5532007812448987,1.6477432012432016
Real Salt Lake,Austin FC,1.7258942658648528,1.6206003441003443
Real Salt Lake,CF Montréal,1.9746563163144026,1.6477432012432016
Real Salt Lake,Charlotte FC,1.9518870855451718,1.6206003441003443
Real Salt Lake,Chicago Fire,1.7258942658648528,1.6206003441003443
Real Salt Lake,Colorado Rapids,1.9673870855451718,1.6206003441003443
Real Salt Lake,Columbus Crew,1.5532007812448987,1.6477432012432016
Real Salt Lake,D.C. United,1.9673870855451718,1.6477432012432016
Real Salt Lake,FC Cincinnati,1.7308942658648527,1.5817432012432016
Real Salt Lake,FC Dallas,1.7258942658648528,1.608886058386059
Real Salt Lake,Houston Dynamo,1.5532007812448987,1.5817432012432016
Real Salt Lake,Inter Miami,1.5532007812448987,1.6206003441003443
Real Salt Lake,LA Galaxy,1.5532007812448987,1.6206003441003443
Real Salt Lake,Los Angeles FC,1.7258942658648528,1.6206003441003443
Real Salt Lake,Minnesota United,1.9829886090216953,1.6477432012432016
Real Salt Lake,Nashville SC,1.7258942658648528,1.6206003441003443
Real Salt Lake,New England Revolution,1.5408275988717162,1.6172670107670108
Real Salt Lake,New York City FC,1.7258942658648528,1.6477432012432016
Real Salt Lake,New York Red Bulls,1.9673870855451718,1.6206003441003443
Real Salt Lake,Orlando City,1.5532007812448987,1.6206003441003443
Real Salt Lake,Philadelphia Union,1.9673870855451718,1.6206003441003443
Real Salt Lake,Portland Timbers,1.7258942658648528,1.6477432012432016
Real Salt Lake,San Jose Earthquakes,1.9673870855451718,1.6206003441003443
Real Salt Lake,Seattle Sounders FC,1.7258942658648528,1.6206003441003443
Real Salt Lake,Sporting Kansas City,1.5532007812448987,1.6477432012432016
Real Salt Lake,St. Louis City,1.9673870855451718,1.6206003441003443
Real Salt Lake,Toronto FC,1.7258942658648528,1.6477432012432016
Real Salt Lake,Vancouver Whitecaps FC,1.9518870855451718,1.6206003441003443
San Jose Earthquakes,Atlanta United,1.5436214161655337,1.6895613830613838
San Jose Earthquakes,Austin FC,1.716314900785488,1.6624185259185265
San Jose Earthquakes,CF Montréal,1.9544405875986741,1.6895613830613838
San Jose Earthquakes,Charlotte FC,1.9316713568294432,1.6624185259185265
San Jose Earthquakes,Chicago Fire,1.716314900785488,1.6624185259185265
San Jose Earthquakes,Colorado Rapids,1.947171356829443,1.6624185259185265
San Jose Earthquakes,Columbus Crew,1.5436214161655337,1.6895613830613838
San Jose Earthquakes,D.C. United,1.947171356829443,1.6895613830613838
San Jose Earthquakes,FC Cincinnati,1.7213149007854878,1.6235613830613838
San Jose Earthquakes,FC Dallas,1.716314900785488,1.650704240204241
San Jose Earthquakes,Houston Dynamo,1.5436214161655337,1.6235613830613838
San Jose Earthquakes,Inter Miami,1.5436214161655337,1.6624185259185265
San Jose Earthquakes,LA Galaxy,1.5436214161655337,1.6624185259185265
San Jose Earthquakes,Los Angeles FC,1.716314900785488,1.6624185259185265
San Jose Earthquakes,Minnesota United,1.9627728803059667,1.6895613830613838
San Jose Earthquakes,Nashville SC,1.716314900785488,1.6624185259185265
San Jose Earthquakes,New England Revolution,1.5295209610650782,1.659085192585193
San Jose Earthquakes,New York City FC,1.716314900785488,1.6895613830613838
San Jose Earthquakes,New York Red Bulls,1.947171356829443,1.6624185259185265
San Jose Earthquakes,Orlando City,1.5436214161655337,1.6624185259185265
San Jose Earthquakes,Philadelphia Union,1.947171356829443,1.6624185259185265
San Jose Earthquakes,Portland Timbers,1.716314900785488,1.6895613830613838
San Jose Earthquakes,Real Salt Lake,1.5436214161655337,1.6624185259185265
San Jose Earthquakes,Seattle Sounders FC,1.716314900785488,1.6624185259185265
San Jose Earthquakes,Sporting Kansas City,1.5436214161655337,1.6895613830613838
San Jose Earthquakes,St. Louis City,1.947171356829443,1.6624185259185265
San Jose Earthquakes,Toronto FC,1.716314900785488,1.6895613830613838
San Jose Earthquakes,Vancouver Whitecaps FC,1.9316713568294432,1.6624185259185265
Seattle Sounders FC,Atlanta United,1.5436214161655337,1.6895613830613838
Seattle Sounders FC,Austin FC,1.716314900785488,1.6624185259185265
Seattle Sounders FC,CF Montréal,1.9544405875986741,1.6895613830613838
Seattle Sounders FC,Charlotte FC,1.9316713568294432,1.6624185259185265
Seattle Sounders FC,Chicago Fire,1.716314900785488,1.6624185259185265
Seattle Sounders FC,Colorado Rapids,1.947171356829443,1.6624185259185265
Seattle Sounders FC,Columbus Crew,1.5436214161655337,1.6895613830613838
Seattle Sounders FC,D.C. United,1.947171356829443,1.6895613830613838
Seattle Sounders FC,FC Cincinnati,1.7213149007854878,1.6235613830613838
Seattle Sounders FC,FC Dallas,1.716314900785488,1.650704240204241
Seattle Sounders FC,Houston Dynamo,1.5436214161655337,1.6235613830613838
Seattle Sounders FC,Inter Miami,1.5436214161655337,1.6624185259185265
Seattle Sounders FC,LA Galaxy,1.5436214161655337,1.6624185259185265
Seattle Sounders FC,Los Angeles FC,1.716314900785488,1.6624185259185265
Seattle Sounders FC,Minnesota United,1.9627728803059667,1.6895613830613838
Seattle Sounders FC,Nashville SC,1.716314900785488,1.6624185259185265
Seattle Sounders FC,New England Revolution,1.5295209610650782,1.659085192585193
Seattle Sounders FC,New York City FC,1.716314900785488,1.6895613830613838
Seattle Sounders FC,New York Red Bulls,1.947171356829443,1.6624185259185265
Seattle Sounders FC,Orlando City,1.5436214161655337,1.6624185259185265
Seattle Sounders FC,Philadelphia Union,1.947171356829443,1.6624185259185265
Seattle Sounders FC,Portland Timbers,1.716314900785488,1.6895613830613838
Seattle Sounders FC,Real Salt Lake,1.5436214161655337,1.6624185259185265
Seattle Sounders FC,San Jose Earthquakes,1.947171356829443,1.6624185259185265
Seattle Sounders FC,Sporting Kansas City,1.5436214161655337,1.6895613830613838
Seattle Sounders FC,St. Louis City,1.947171356829443,1.6624185259185265
Seattle Sounders FC,Toronto FC,1.716314900785488,1.6895613830613838
Seattle Sounders FC,Vancouver Whitecaps FC,1.9316713568294432,1.6624185259185265
Sporting Kansas City,Atlanta United,1.5436214161655337,1.6895613830613838
Sporting Kansas City,Austin FC,1.716314900785488,1.6624185259185265
Sporting Kansas City,CF Montréal,1.9544405875986741,1.6895613830613838
Sporting Kansas City,Charlotte FC,1.9316713568294432,1.6624185259185265
Sporting Kansas City,Chicago Fire,1.716314900785488,1.6624185259185265
Sporting Kansas City,Colorado Rapids,1.947171356829443,1.6624185259185265
Sporting Kansas City,Columbus Crew,1.5436214161655337,1.6895613830613838
Sporting Kansas City,D.C. United,1.947171356829443,1.6895613830613838
Sporting Kansas City,FC Cincinnati,1.7213149007854878,1.6235613830613838
Sporting Kansas City,FC Dallas,1.716314900785488,1.650704240204241
Sporting Kansas City,Houston Dynamo,1.5436214161655337,1.6235613830613838
Sporting Kansas City,Inter Miami,1.5436214161655337,1.6624185259185265
Sporting Kansas City,LA Galaxy,1.5436214161655337,1.6624185259185265
Sporting Kansas City,Los Angeles FC,1.716314900785488,1.6624185259185265
Sporting Kansas City,Minnesota United,1.9627728803059667,1.6895613830613838
Sporting Kansas City,Nashville SC,1.716314900785488,1.6624185259185265
Sporting Kansas City,New England Revolution,1.5295209610650782,1.659085192585193
Sporting Kansas City,New York City FC,1.716314900785488,1.6895613830613838
Sporting Kansas City,New York Red Bulls,1.947171356829443,1.6624185259185265
Sporting Kansas City,Orlando City,1.5436214161655337,1.6624185259185265
Sporting Kansas City,Philadelphia Union,1.947171356829443,1.6624185259185265
Sporting Kansas City,Portland Timbers,1.716314900785488,1.6895613830613838
Sporting Kansas City,Real Salt Lake,1.5436214161655337,1.6624185259185265
Sporting Kansas City,San Jose Earthquakes,1.947171356829443,1.6624185259185265
Sporting Kansas City,Seattle Sounders FC,1.716314900785488,1.6624185259185265
Sporting Kansas City,St. Louis City,1.947171356829443,1.6624185259185265
Sporting Kansas City,Toronto FC,1.716314900785488,1.6895613830613838
Sporting Kansas City,Vancouver Whitecaps FC,1.9316713568294432,1.6624185259185265
St. Louis City,Atlanta United,1.5436214161655337,1.6895613830613838
St. Louis City,Austin FC,1.716314900785488,1.6624185259185265
St. Louis City,CF Montréal,1.9544405875986741,1.6895613830613838
St. Louis City,Charlotte FC,1.9316713568294432,1.6624185259185265
St. Louis City,Chicago Fire,1.716314900785488,1.6624185259185265
St. Louis City,Colorado Rapids,1.947171356829443,1.6624185259185265
St. Louis City,Columbus Crew,1.5436214161655337,1.6895613830613838
St. Louis City,D.C. United,1.947171356829443,1.6895613830613838
St. Louis City,FC Cincinnati,1.7213149007854878,1.6235613830613838
St. Louis City,FC Dallas,1.716314900785488,1.650704240204241
St. Louis City,Houston Dynamo,1.5436214161655337,1.6235613830613838
St. Louis City,Inter Miami,1.5436214161655337,1.6624185259185265
St. Louis City,LA Galaxy,1.5436214161655337,1.6624185259185265
St. Louis City,Los Angeles FC,1.716314900785488,1.6624185259185265
St. Louis City,Minnesota United,1.9627728803059667,1.6895613830613838
St. Louis City,Nashville SC,1.716314900785488,1.6624185259185265
St. Louis City,New England Revolution,1.5295209610650782,1.659085192585193
St. Louis City,New York City FC,1.716314900785488,1.6895613830613838
St. Louis City,New York Red Bulls,1.947171356829443,1.6624185259185265
St. Louis City,Orlando City,1.5436214161655337,1.6624185259185265
St. Louis City,Philadelphia Union,1.947171356829443,1.6624185259185265
St. Louis City,Portland Timbers,1.716314900785488,1.6895613830613838
St. Louis City,Real Salt Lake,1.5436214161655337,1.6624185259185265
St. Louis City,San Jose Earthquakes,1.947171356829443,1.6624185259185265
St. Louis City,Seattle Sounders FC,1.716314900785488,1.6624185259185265
St. Louis City,Sporting Kansas City,1.5436214161655337,1.6895613830613838
St. Louis City,Toronto FC,1.716314900785488,1.6895613830613838
St. Louis City,Vancouver Whitecaps FC,1.9316713568294432,1.6624185259185265
Toronto FC,Atlanta United,1.5436214161655337,1.6895613830613838
Toronto FC,Austin FC,1.716314900785488,1.6624185259185265
Toronto FC,CF Montréal,1.9544405875986741,1.6895613830613838
Toronto FC,Charlotte FC,1.9316713568294432,1.6624185259185265
Toronto FC,Chicago Fire,1.716314900785488,1.6624185259185265
Toronto FC,Colorado Rapids,1.947171356829443,1.6624185259185265
Toronto FC,Columbus Crew,1.5436214161655337,1.6895613830613838
Toronto FC,D.C. United,1.947171356829443,1.6895613830613838
Toronto FC,FC Cincinnati,1.7213149007854878,1.6235613830613838
Toronto FC,FC Dallas,1.716314900785488,1.650704240204241
Toronto FC,Houston Dynamo,1.5436214161655337,1.6235613830613838
Toronto FC,Inter Miami,1.5436214161655337,1.6624185259185265
Toronto FC,LA Galaxy,1.5436214161655337,1.6624185259185265
Toronto FC,Los Angeles FC,1.716314900785488,1.6624185259185265
Toronto FC,Minnesota United,1.9627728803059667,1.6895613830613838
Toronto FC,Nashville SC,1.716314900785488,1.6624185259185265
Toronto FC,New England Revolution,1.5295209610650782,1.659085192585193
Toronto FC,New York City FC,1.716314900785488,1.6895613830613838
Toronto FC,New York Red Bulls,1.947171356829443,1.6624185259185265
Toronto FC,Orlando City,1.5436214161655337,1.6624185259185265
Toronto FC,Philadelphia Union,1.947171356829443,1.6624185259185265
Toronto FC,Portland Timbers,1.716314900785488,1.6895613830613838
Toronto FC,Real Salt Lake,1.5436214161655337,1.6624185259185265
Toronto FC,San Jose Earthquakes,1.947171356829443,1.6624185259185265
Toronto FC,Seattle Sounders FC,1.716314900785488,1.6624185259185265
Toronto FC,Sporting Kansas City,1.5436214161655337,1.6895613830613838
Toronto FC,St. Louis City,1.947171356829443,1.6624185259185265
Toronto FC,Vancouver Whitecaps FC,1.9316713568294432,1.6624185259185265
Vancouver Whitecaps FC,Atlanta United,1.5436214161655337,1.6895613830613838
Vancouver Whitecaps FC,Austin FC,1.716314900785488,1.6624185259185265
Vancouver Whitecaps FC,CF Montréal,1.9544405875986741,1.6895613830613838
Vancouver Whitecaps FC,Charlotte FC,1.9316713568294432,1.6624185259185265
Vancouver Whitecaps FC,Chicago Fire,1.716314900785488,1.6624185259185265
Vancouver Whitecaps FC,Colorado Rapids,1.947171356829443,1.6624185259185265
Vancouver Whitecaps FC,Columbus Crew,1.5436214161655337,1.6895613830613838
Vancouver Whitecaps FC,D.C. United,1.947171356829443,1.6895613830613838
Vancouver Whitecaps FC,FC Cincinnati,1.7213149007854878,1.6235613830613838
Vancouver Whitecaps FC,FC Dallas,1.716314900785488,1.650704240204241
Vancouver Whitecaps FC,Houston Dynamo,1.5436214161655337,1.6235613830613838
Vancouver Whitecaps FC,Inter Miami,1.5436214161655337,1.6624185259185265
Vancouver Whitecaps FC,LA Galaxy,1.5436214161655337,1.6624185259185265
Vancouver Whitecaps FC,Los Angeles FC,1.716314900785488,1.6624185259185265
Vancouver Whitecaps FC,Minnesota United,1.9627728803059667,1.6895613830613838
Vancouver Whitecaps FC,Nashville SC,1.716314900785488,1.6624185259185265
Vancouver Whitecaps FC,New England Revolution,1.5295209610650782,1.659085192585193
Vancouver Whitecaps FC,New York City FC,1.716314900785488,1.6895613830613838
Vancouver Whitecaps FC,New York Red Bulls,1.947171356829443,1.6624185259185265
Vancouver Whitecaps FC,Orlando City,1.5436214161655337,1.6624185259185265
Vancouver Whitecaps FC,Philadelphia Union,1.947171356829443,1.6624185259185265
Vancouver Whitecaps FC,Portland Timbers,1.716314900785488,1.6895613830613838
Vancouver Whitecaps FC,Real Salt Lake,1.5436214161655337,1.6624185259185265
Vancouver Whitecaps FC,San Jose Earthquakes,1.947171356829443,1.6624185259185265
Vancouver Whitecaps FC,Seattle Sounders FC,1.716314900785488,1.6624185259185265
Vancouver Whitecaps FC,Sporting Kansas City,1.5436214161655337,1.6895613830613838
Vancouver Whitecaps FC,St. Louis City,1.947171356829443,1.6624185259185265
Vancouver Whitecaps FC,Toronto FC,1.716314900785488,1.6895613830613838
